aplikasi,fold,text,true,pred,status
Tokopedia,1,Kenapa ya limit Gopaynya gak bisa di pake,netral,positif,SALAH
Tokopedia,1,Vouchernya semua PHP,negatif,positif,SALAH
Tokopedia,1,gabisa di buka apk nya,negatif,positif,SALAH
Tokopedia,1,bagussss bangett,netral,positif,SALAH
Tokopedia,1,terimah kasih,netral,positif,SALAH
Tokopedia,1,"sekarang ga ngasih diskon buat belanja kah ?, jgn hanya buat pembayaran aja diskonnya, dulu kalo ga belanja 1 / 2 / 3 bulan dapat diskon 10rb atau berapa gitu... tapi sekarang udah berubah... diambil tiktok makanya berubah.........ğŸ˜®â€ğŸ’¨ğŸ˜®â€ğŸ’¨ğŸ˜®â€ğŸ’¨ beli lagi sahamnya biar China ga berkuasa, setelah tokped merger Ama TikTok diskon dibatasi bahkan ga dapat...ğŸ’”",netral,negatif,SALAH
Tokopedia,1,kenapa sekarang paylater ga bisa di pakai padahal saya tiap bulan bayar tepat waktu,netral,negatif,SALAH
Tokopedia,1,cukup membantu dan mempermudah untuk belanja.,netral,positif,SALAH
Tokopedia,1,uang ketahan 2 juta udah 4 hari,negatif,positif,SALAH
Tokopedia,1,Ongkirnya lebih mahal jauh daripada shopee,negatif,positif,SALAH
Tokopedia,1,aplikasi Tokopedia bagus!! tingkat kan terus promo menarik lainnya harga barang yang murah dan berkualitas serta promo gratis ongkir nya!! sehingga mendukung efisiensi anggaran yang tepat sasaran!! mendukung Indonesia maju!! berjuang tiada akhir !! ğŸ™ğŸ‡²ğŸ‡¨â¤ï¸,positif,negatif,SALAH
Tokopedia,1,"tdk da opsi trf manual jdikn tokped hanya tuk orang kota yg signyal stabil, kami di daerah plosok gk bs pakai mobile banking, klo review bintang 2 gk bs mengulas toko n produk, entah bintang 3",netral,negatif,SALAH
Tokopedia,1,barangnya mahal dan jelek aja pastinya,negatif,positif,SALAH
Tokopedia,1,masih ada seler bodong,negatif,positif,SALAH
Tokopedia,1,susah mengkaitkan rekening gagal terus,negatif,positif,SALAH
Tokopedia,1,aplikasinya friendly user. fiturnya lengkap. cara deposit juga mudah n cepat. mungkin bisa diperbaiki untuk cek history biar lebih bisa difilter per tgl.,positif,negatif,SALAH
Tokopedia,1,proses yang sangat mudah dan cepat,positif,negatif,SALAH
Tokopedia,1,Toko pedia terpercaya dan ada gratis onkir..saya rekomendasikan buat beli di Toko pedia...terima kasih Toko pedia,positif,negatif,SALAH
Tokopedia,1,harga pengiriman ke lokasi luar pulau udah setara dengan pemesanan saya offline. belanja udah 3 jutaan spare part lamban datang.,netral,negatif,SALAH
Tokopedia,1,"pusing bos,,..",negatif,positif,SALAH
Tokopedia,1,mantaps,netral,positif,SALAH
Tokopedia,1,keamanan privasi@?!?!,netral,positif,SALAH
Tokopedia,1,agak lambat kerja di hp jadul,netral,negatif,SALAH
Tokopedia,1,Jelek ga ada promonya,negatif,positif,SALAH
Tokopedia,1,MEMUDAHKAN SAYA UNTUK BELANJA ONLINE,netral,positif,SALAH
Tokopedia,1,lumayan,netral,positif,SALAH
Tokopedia,1,Mantap deh Tokopedia + Gopay sekarang ini.!! ğŸ‘ğŸ˜ƒ,positif,negatif,SALAH
Tokopedia,1,okay banget,netral,positif,SALAH
Tokopedia,1,memudahkan belanja,netral,positif,SALAH
Tokopedia,1,"tidak kalah dengan toko sebelah,barangnya fresh",positif,negatif,SALAH
Tokopedia,1,Kenapa aplikasi tokopedis saya tidak bisa dibuka setelah saya up date aplikasi tokopedia ? Tolong dibantu. Terima kasih.,netral,negatif,SALAH
Tokopedia,1,sangat mudah dan praktis dan harga terjangkau,positif,negatif,SALAH
Tokopedia,1,aplikasi aswy... ganggu orang lagi push rank udah nonaktif notifikasi masih aja muncul.. emang ğŸ—¿ nih aplikasi,netral,negatif,SALAH
Tokopedia,1,"Sangat tidak rekomendasi belanja di sini, hadehhh, mesen dari tanggal sekian sampe sekarang blm dikirim kirim juga, beda sama apk sebelah, mesen jam sekian langsung dikirim besoknya, beda sama di sini, sangat tidak rekomendasi ğŸ¤—ğŸ¤—ğŸ¤—ğŸ¤—ğŸ¥°ğŸ¥°ğŸ¥°ğŸ™ğŸ™ğŸ™ bintang 1, langsung ku hapus apknya, yang penting dananya sudah di refund haha that's so funny",netral,negatif,SALAH
Tokopedia,1,sangat rekomendasi,netral,positif,SALAH
Tokopedia,1,sangat menyenangkan,netral,positif,SALAH
Tokopedia,1,aplikasi paling ribet dan menyusahkan bagi user khususnya penjual,netral,positif,SALAH
Tokopedia,1,"untuk setel lokasi kenapa ngeblank ya map nya, lokasinya gabisa di stel lewat lokasi saat ini apa, harus setting manual kan pIer bet",netral,negatif,SALAH
Tokopedia,1,banyak yg gk bisa COD,netral,positif,SALAH
Tokopedia,1,woi gimana caranya kan aku bocil jadi bintang 5 lagi,netral,negatif,SALAH
Tokopedia,1,min tombol batalkan pesanan di taro mana,netral,negatif,SALAH
Tokopedia,2,baik terimakasih meskipun agak lama responnya tapi itu demi keamanan dana refund kita juga . memberi waktu ke kita untuk membuktikan dana tetap aman dan tidak disalahgunakan orang lain .dan dana saya sudah bisa ditarik setelah 10 hari .,positif,negatif,SALAH
Tokopedia,2,baru tgl 22 update masa minta update lagi,netral,positif,SALAH
Tokopedia,2,membuat kita muda untuk mencari barang yg kita perlukan,netral,negatif,SALAH
Tokopedia,2,Sering minta update terus.... Sedangkan Performa biasa saja.,negatif,positif,SALAH
Tokopedia,2,saya di tipu di tokopedia,negatif,positif,SALAH
Tokopedia,2,Tokopedia tolong dong kaya dulu lagi bisa lihat kapan terakhir toko aktif biar jadi patokan kalo belanja. Soalnya saya sering banget belanja tapi tau tau toko nya udah tutup akhirnya saya nunggu lagi padahal barangnya sedang saya butuhin. Terimakasih,netral,negatif,SALAH
Tokopedia,2,Jelek,negatif,positif,SALAH
Tokopedia,2,cuma gabut aku,netral,positif,SALAH
Tokopedia,2,menu pencarian tidak akurat,negatif,positif,SALAH
Tokopedia,2,"Yang terhormat Pihak Tokopedia,saya ingin menyampaikan komplain. Mengapa semua pembayaran di Tokopedia walaupun COD pastinya ada S&K tolonglah jangan menggunakan S&K saya sebagai pemakai aplikasi merasa kurang nyaman",netral,negatif,SALAH
Tokopedia,2,mantab,netral,positif,SALAH
Tokopedia,2,kenapa gak bisa daftar tokped afilliate,netral,positif,SALAH
Tokopedia,2,pengiriman lamaaaaaaaaaa bnget apk jelekk,negatif,positif,SALAH
Tokopedia,2,diaplikasi laingk bisa,netral,positif,SALAH
Tokopedia,2,e-commerce lelet,negatif,positif,SALAH
Tokopedia,2,tidak bisa cod,negatif,positif,SALAH
Tokopedia,2,Kak kok gak bisa bayar ditempat ya,netral,positif,SALAH
Tokopedia,2,memudahkan bayar pake dana belanja di Tokopedia,netral,positif,SALAH
Tokopedia,2,banyak penipu skrg di apk ini,negatif,positif,SALAH
Tokopedia,2,Respon pengaduan pelanggan LAMBAT!,negatif,positif,SALAH
Tokopedia,2,"Bagus. Lebih baik kagi kakau sering ada promo , diskon atau flashsale.",positif,negatif,SALAH
Tokopedia,2,"lemot banget, buka tab aja lelet",negatif,positif,SALAH
Tokopedia,2,"jangan pernah pakai apk ini guys , komplain 3 hari , di eksekusi juga 3 hari",netral,negatif,SALAH
Tokopedia,2,"Sangat Mudah Untuk Transaksi Dan Berbelanja.Sedikit Saran,Agar Kedepannya Perbanyak Diskon Dan Bebas Ongkir.Seperti Shopee Dan Marketplace Lainnya",positif,negatif,SALAH
Tokopedia,2,mantappp,netral,positif,SALAH
Tokopedia,2,"Aplikasi ini paling sering update dibanding dengan aplikasi online lainnya, sangat menyebalkan!!!!",netral,negatif,SALAH
Tokopedia,2,Aplikasi buruk tidak bisa pembatalan pesanan,negatif,positif,SALAH
Tokopedia,2,saya sangat suka belanja di tokopedia krn aman nyaman dan terpercaya.trmks,positif,negatif,SALAH
Tokopedia,2,pas di dlm keranjang barang diskon 50% dari harga aslinya..karna ada kupon..pas di bayar eh malah muncul seperti jaringan tidak stabil..dan pas di ulangin lagi malah muncul saya sudah mencoba 3x kupon..dan harganya normal lagi..aneh,netral,negatif,SALAH
Tokopedia,2,"cukup baik, dan masih lancar tanpa kendala",positif,negatif,SALAH
Tokopedia,2,banyak bug nya seperti gambar produk yang tidak ada padahal jaringan internet saya lancar tolong di perbaiki,positif,negatif,SALAH
Tokopedia,2,"kenapa semenjak tokopedia gabung ama tiktok, jualan makin sulit dan ribet, padahal dengan adanya Tokopedia sangat terbantu dan dipermudah, namun sejak gabung ama tiktok makin gak bisa jualan karena makin ribet, mending kembali seperti semula min.",netral,negatif,SALAH
Tokopedia,2,Event spin scam doangâ€¼ï¸,netral,positif,SALAH
Tokopedia,2,"Dulu tokopedia sering banyak voucher dan diskon tapi sekarang malah banyak biaya"" Admin lain nya, sekarang jd mikir"" Dulu mau blanja di tokped",netral,negatif,SALAH
Tokopedia,2,Saya senang belanja di toko pedia. Apapun barang kita butuhkan ada. Kita belanja bisa belanja dengan mudah tampa harus keluar rumah,positif,negatif,SALAH
Tokopedia,2,"mau retur ribet, sulit berbelit belit. terlalu berpihak sama penjual. nomer resi pengiriman retur barang tidak langsung keluar. rentan kehilangan barang returan",netral,negatif,SALAH
Tokopedia,2,aplikasi yg bagus..ditambah gampang dan dipermudah cara pembelanjaannya..semoga banyak diskon yang lebih menguntungkan buat para konsumen...,positif,negatif,SALAH
Tokopedia,2,"ini gimana yah apk nya kok selalu realog padahal saya mau buka apk nya tapi malah realog berulang"" mohon di perbaiki lagi",netral,negatif,SALAH
Tokopedia,2,padahal pengguna setia tokped tapi kali ini bener di bikin kesel sama Tokopedia care nya dana dibtahan tapi ga ngasih solusi dan ga mau bales chat....ga ngasih jawaban sama solusi mudah mudahan bintang 1 menjadi lebih baik lagi,positif,negatif,SALAH
Tokopedia,2,error mulu,negatif,positif,SALAH
Tokopedia,2,aplikasi busuk setelah update malah gk bisa log in,netral,negatif,SALAH
Tokopedia,2,"Kupon ku 2,4 jt hilang",negatif,positif,SALAH
Tokopedia,2,bisa beli ap king,netral,positif,SALAH
Tokopedia,2,"Alhamdulillah, belanja di Tokopedia sangat memuaskan",positif,negatif,SALAH
Tokopedia,2,barang barang kualified dan tepat waktu,netral,positif,SALAH
Tokopedia,2,pelayanan buruk banyak penipu d toped,negatif,positif,SALAH
Tokopedia,2,"aplikasi teteng, klik apapun lelet kali",netral,positif,SALAH
Tokopedia,2,jangan Pake Pengiriman JNT hapus kerjasamanya.....lelet banget....masih mending yang j lain lah,netral,negatif,SALAH
Tokopedia,2,"Mending ngk usah di update deh,klo justru jadi ngk bisa masuk akun saya .",netral,negatif,SALAH
Tokopedia,2,pelayanannya jelek,negatif,positif,SALAH
Tokopedia,3,Lemot,negatif,positif,SALAH
Tokopedia,3,Aplikasi jelek,negatif,positif,SALAH
Tokopedia,3,saran aj kalau bisa semua produk bisa cod,netral,negatif,SALAH
Tokopedia,3,"alhamdulillah ,,,,, segala puji bagi Allah Ta'ala",netral,negatif,SALAH
Tokopedia,3,"Jelek, harga berubah ketika mau pesan barang",negatif,positif,SALAH
Tokopedia,3,ribet,negatif,positif,SALAH
Tokopedia,3,produk nya aslinya suka banget dengan Tokopedia,positif,negatif,SALAH
Tokopedia,3,"semoga Tuhan memberkati, keselamatan dan kebahagiaan ummat manusia di bumi ini. Amin.",netral,negatif,SALAH
Tokopedia,3,aplikasi yang masih ada modus penipuan,negatif,positif,SALAH
Tokopedia,3,yah gitu deh,netral,positif,SALAH
Tokopedia,3,notif ğŸ´â€â˜ ï¸,netral,positif,SALAH
Tokopedia,3,semoga semakin banyak promo,netral,positif,SALAH
Tokopedia,3,"semoga bisa alternatif berbelanja yg terpercaya, mohon gunakan Ekspedisi pos karena selain murah juga dapat tepat waktu TDK seperti sicepat tdk tepat waktu dan lambat sekali dan bahkan dibatalkan ğŸ˜",positif,negatif,SALAH
Tokopedia,3,mudah di gunakan dan di mengerti,positif,negatif,SALAH
Tokopedia,3,"Udah hampir bagus sih, tapi ada masalah dari ekspedisi Yaitu masih bekerjasama dengan sicepat, yang pengiriman nya tidak secepat ekspedisi lainnya.. Dan jika menggunakan metode cod menggunakan 3 ekspedisi, yakni JNT, d alihkan ke LILO, terus di alihkan lagi ke SICEPAT",positif,negatif,SALAH
Tokopedia,3,Iklan elek,negatif,positif,SALAH
Tokopedia,3,saya kasi 5 bintang karna saya puas dengan aplikasi Tokopedia,positif,negatif,SALAH
Tokopedia,3,oprasi tahap tingkat lanjut,netral,positif,SALAH
Tokopedia,3,Ada aja seler nakal jual produk murah tapi aslinya nipu,positif,negatif,SALAH
Tokopedia,3,"mau cek ulasan perlu download lagi, mohon diperbaiki",netral,negatif,SALAH
Tokopedia,3,pas tambah alamat kok gak ada kolom kode pos? jdi alamat tdk bisa ditambahkan krna harus mlengkapi kode pos tdi kolom kode pos tdk tersedia,netral,negatif,SALAH
Tokopedia,3,seneng belanja disini tapi suka eror suka gangguan,positif,negatif,SALAH
Tokopedia,3,sangat sangat baik belanja d toko ini mantap,positif,negatif,SALAH
Tokopedia,3,banyak pemberitahuan,netral,positif,SALAH
Tokopedia,3,Update mulu.. kalo gak di update gak bisa di buka.. yang Oren aman aman aja,positif,negatif,SALAH
Tokopedia,3,"ini knp menentukan titik lokasi maps nya ngaco dah, bolak balik kelempar ntah kmn, udah pakai GPS juga masih aja ngawur. kasian kurir nya Krn salah titik maps dan bisa berpotensi salah rumah",netral,negatif,SALAH
Tokopedia,3,tiga dulu,netral,positif,SALAH
Tokopedia,3,Nice... good jobsğŸ‘ğŸ‘ŒğŸ¤,netral,positif,SALAH
Tokopedia,3,aplikasi ga jelas,netral,positif,SALAH
Tokopedia,3,oke sip,netral,positif,SALAH
Tokopedia,3,downgrade masih bagus tokped yg dulu,positif,negatif,SALAH
Tokopedia,3,banyak boongnya tinggal nunggu ..gulung tikar aja ...bukan produk indonesia,netral,negatif,SALAH
Tokopedia,3,"Estimasi tiba 1-3 hari Sampe seminggu ajah ga nyampe nyampe, Bukan dari 1 paket doang,",netral,negatif,SALAH
Tokopedia,3,Sulit mengajukan pengembalian dana .. sudah jelas alasannya kesalahan penjual.. jangan lagi pake aplikasi ini .. mending shoope,netral,negatif,SALAH
Tokopedia,3,"sekarang aplikasinya berat jika di gunakan, untuk gratis ongkirnya mahal masih lbh murahh di tokoo orange,,",netral,negatif,SALAH
Tokopedia,3,"Setelah diakuidisi tik tok apk ini bukannya maju justru kelihatan kemunduran, entah disengaja atau gimana sih....",netral,negatif,SALAH
Tokopedia,3,"Masalah tokped selalu dari jasa ekspedisi nya yg super lama, apalagi kalo dapet kurir rekomendasi SAPX, katanya rekomendasi tpi di kasih yg super lama,bikin males belanja lg di sini, dan anehnya msh d pake aja ekspedisi yg udh tau banyak di komplen, apalagi bntar lg bulan puasa pasti banyak yg blanja online, hari biasa aja lama apalagi ntar pas orderan banyak, bukannya di perbaiki sistem ekspedisi nya sekarang mlah ada lg multi kurir yg bikin paket di oper sana sini yg bikin paket muter"" ga jls",netral,negatif,SALAH
Tokopedia,3,ngelek,netral,positif,SALAH
Tokopedia,3,"Ancur tokped sekarang, search barang keluarnya ngacak ga spesifik berantakan keluar barangnya, yang di cari apa yang keluar campur campur jadi nyusahin , UI UX nya udah ga nyaman sama sekali !!!!!",netral,negatif,SALAH
Tokopedia,3,menu akun kurang jelas sehingga mau ganti pasword dan pin kebingungan nyarinya,netral,negatif,SALAH
Tokopedia,3,"Tolong untuk metode pembayaran ""bayar ditempat"" bisa diaktifkan agar lebih memudahkan konsumen yang ini menggunakan metode pembayaran ""bayar ditempat"" terima kasih.",netral,negatif,SALAH
Tokopedia,3,memudahkan belanja berbagai barang dari luar kota maupun dalam kotağŸ˜ŠğŸ«°,positif,negatif,SALAH
Tokopedia,3,suka ngefreeze setelah update,negatif,positif,SALAH
Tokopedia,4,puas dengan pelayanan diskon ongkir nya tapi kecewa dengan multi kurirnya karena suka diluar estimasi,positif,negatif,SALAH
Tokopedia,4,"Bagus dan oke, tambah lagi cashbacknya dan lebih murah lagi tapi kwalitas tetap oke.... Siiiip......",positif,negatif,SALAH
Tokopedia,4,Amanah,netral,positif,SALAH
Tokopedia,4,sampah neh aplikasi. najis belanja disini lagi,negatif,positif,SALAH
Tokopedia,4,Nipu harganya berubah seenak developernya,negatif,positif,SALAH
Tokopedia,4,"pelayanannya sangat baik,ini pertama saya beli d toko ini",positif,negatif,SALAH
Tokopedia,4,ğŸ‘ğŸ‘,netral,positif,SALAH
Tokopedia,4,kenapa di redmi 10c tidak competible? tolong diperbaiki,netral,positif,SALAH
Tokopedia,4,kerajinan bgt minta update,netral,positif,SALAH
Tokopedia,4,hp saya android 5 kenapa gaj bisa dibuka? apa sudah gak support?,netral,negatif,SALAH
Tokopedia,4,uwelll,netral,positif,SALAH
Tokopedia,4,ngbug ajg,negatif,positif,SALAH
Tokopedia,4,"aplikasi melebihi software, berat banget goblok",negatif,positif,SALAH
Tokopedia,4,promo ngk sesuai,negatif,positif,SALAH
Tokopedia,4,saran saja lebih baik tutup tokopedia dari pada phk pekerja. jangan lungkiri tokopedia sudah bangkrut. fokus saja pafa tiktokshop.,netral,negatif,SALAH
Tokopedia,4,"Saya lebih suka belanja dengan pembayaran pakai paylater, jika paylaternya tidak bisa digunakan maka tidak belanja atau belanjanya jarang jarang.",netral,negatif,SALAH
Tokopedia,4,Aplikasi yang sangat membantu utk pembelian keluarga saya. Terima kasih Tokopedia.,positif,negatif,SALAH
Tokopedia,4,semoga berguna,netral,positif,SALAH
Tokopedia,4,jelek,negatif,positif,SALAH
Tokopedia,4,Bleguud maneh nges dibere5 bintang oge di lenyapken kumaneh geloo,netral,negatif,SALAH
Tokopedia,4,kebangetan sering updatenya,negatif,positif,SALAH
Tokopedia,4,"makin kesini ekspedisi yg ada di tokped jdi lelet gk cepet kayak dulu, kalah sama shopee",netral,negatif,SALAH
Tokopedia,4,"aplikasi goblog penipuan banget udah isi saldo gopay buat beli pulsa flash sale, taunya ga bisa d beli d gagalin terus. ini harga-harga pulsa murah berakhir 3 hari lagi cuma pajangan aja anjirrrrr",netral,negatif,SALAH
Tokopedia,4,aplikasi sangat tidak aman buat penjual juga buat pembeli.hati2 jika barang tdk sampai atau rusak atau hilang d expedisi pnjual gak akan dapat uang nya dan pembeli gak daoat barang nya ..apliksi canti aman murah dan banyak gratis ongkur cuman shopi,positif,negatif,SALAH
Tokopedia,4,banget oke,netral,positif,SALAH
Tokopedia,4,Ok.. Bagus Hanya Saja Apk Ini Sangat Berat Jika Terlalu Lama Dipakai Dibandingkan Apk Lain.,positif,negatif,SALAH
Tokopedia,4,Update terus ya bund,netral,positif,SALAH
Tokopedia,4,tokopedia maling.. kembalikan saldo saya..,netral,positif,SALAH
Tokopedia,4,BerbelitÂ² pengajuan nya,negatif,positif,SALAH
Tokopedia,4,Semoga dilancarkan,netral,positif,SALAH
Tokopedia,4,good job,netral,positif,SALAH
Tokopedia,4,sangat oke sekali,netral,positif,SALAH
Tokopedia,4,Terry Putri RT RRR r ma Rufee diwee DC iy rrr r RT. dxDeddy Mizwar,netral,positif,SALAH
Tokopedia,4,"pakai tokopedia seller sgt simpel, setelah gabung tiktok malah bikin bingung, info yg awalnya dipahami dgn mudah skrg dpt notif error terus, direfresh error,.....",netral,negatif,SALAH
Tokopedia,4,akun Tokopedia saya kena moderasi/gak bisa buka kembali deh ğŸ˜­ğŸ˜­ apakah saya melanggar peraturan ya ğŸ¤” caranya bisa buka kembali GImana ya? ğŸ¤” mungkin gak bisa,netral,negatif,SALAH
Tokopedia,4,semoga menjadi toko online terpercaya dan perbanyak lagi progam progam terbaru dan promonya,netral,negatif,SALAH
Tokopedia,4,"tolong lah kak dibalikin tampilan yg dulu lagi, sekarang fiturnya membingungkan",netral,negatif,SALAH
Tokopedia,4,"sampai saat ini puas sekali,perbanyak bonus ya ğŸ‘ğŸ‘ğŸ‘",positif,negatif,SALAH
Tokopedia,4,buruk,negatif,positif,SALAH
Tokopedia,4,aku Maucekout ngak bisa terus katanya ada kendala tapi sebelum sebelum bisa,netral,negatif,SALAH
Tokopedia,4,sangat membantu,netral,positif,SALAH
Tokopedia,5,selama ini aman aman aja belanja di toko pedia.belia ada sedikit kendala responnya juga cepet,positif,negatif,SALAH
Tokopedia,5,assalamualaikum,netral,positif,SALAH
Tokopedia,5,Kenapa ongkir di halaman produk dan di halaman check out beda ya,netral,negatif,SALAH
Tokopedia,5,kdg lemot,negatif,positif,SALAH
Tokopedia,5,"aplikasinya termasuk ringan, barang barangnya yang dijual di aplikasi masih belum terlalu banyak, gratis ongkir belum 100%",netral,negatif,SALAH
Tokopedia,5,"itu ada spin dapat 2,4juta di suru beli produk yang sebenarnya ga perlu. setelah check out ternyata vouchernya tidak ada. ini seperti apa? saya merasa tertipu. padahal saya customer aktiv",netral,negatif,SALAH
Tokopedia,5,semoga tetap kuat dan lebih baik lagi kedepannya.,positif,negatif,SALAH
Tokopedia,5,lebih real ongkir nya tapi sayang masih ada seller yang ngasih harga di atas standar resminya,netral,negatif,SALAH
Tokopedia,5,perbanyak promo diskon,netral,positif,SALAH
Tokopedia,5,"beli barang dapet potong vocher bener2 ga dikirim. di chat sama sekali ga bales. mencoba positif beli barang lagi lahhh barang yang nyampe beda, proses komplain ga nguntungin pembeli, harus nunggu respon penjual, sedangkan penjual di chat dari awal aja ga bales. komplain harus tunggu 3 hari. setelah acc komplain mau retur barang ternyata ongkir di tanggung pembeli. dahlah langsung uninstall paling bener pake si oren.",netral,negatif,SALAH
Tokopedia,5,kmhln anj ga ngotk emg,negatif,positif,SALAH
Tokopedia,5,"saran aja kk, untuk mengubah nomor hp di apk/gopay nya jngan dipersulit. say mau ganti no hp di apk tokped karena nomor sudah hilang tapi dikirim kode otp via wa ke nomor yang udah hilang tsb. ribet",netral,negatif,SALAH
Tokopedia,5,"tolong dong ka tambahin fitur ganti akun, masa setiap mau ganti akun harus keluar akun dulu, ribet, harusnya seperti Oren bisa ganti akun, tolong kak itu akan sangat berguna buat sayağŸ™ nanti saya kasi bintang 5 kalau ada fitur ganti akun",netral,negatif,SALAH
Tokopedia,5,jangan lupa modus gela,netral,positif,SALAH
Tokopedia,5,gaje,negatif,positif,SALAH
Tokopedia,5,"gratis ongkirnya mna nih,masak klah sma toko sebelah",netral,positif,SALAH
Tokopedia,5,ğŸ¤£,netral,positif,SALAH
Tokopedia,5,scrol foto di Tokopedia susah bener,negatif,positif,SALAH
Tokopedia,5,giman Bos app abis di updat malah gak bisa dibuka,netral,negatif,SALAH
Tokopedia,5,sangat membantu sekali,netral,positif,SALAH
Tokopedia,5,belum,netral,positif,SALAH
Tokopedia,5,jelak,netral,positif,SALAH
Tokopedia,5,kecewa,negatif,positif,SALAH
Tokopedia,5,shopee nomor satu bangkrut aja tokopedia,negatif,positif,SALAH
Tokopedia,5,bakk,netral,positif,SALAH
Tokopedia,5,toko pedia memang rekomen untuk belanja,netral,positif,SALAH
Tokopedia,5,TOPED SEKARANG BNYAK ERORNYA MENDING PINDAH SOPEE,negatif,positif,SALAH
Tokopedia,5,"Edan sekarang Tokopedia. Beli barang gak di kirim"", tanya penjual pihak kurir gak mau pick up. Dibatalkan penjual, sekarang malah saldo refund gak jelas. Udh 6jam+ belum sampai ke rek. Masa iya refund dana aja nunggu 24jam.",netral,negatif,SALAH
Tokopedia,5,Oke juga Oke juga,netral,positif,SALAH
Tokopedia,5,"Puas bgt belanja di tokopedia tolong bantuan nya dong sy mau bayar tagihan gopay pinjam di tokopedia kok gak bisa2 ya,error terus aplikasi nya knp ya?",positif,negatif,SALAH
Tokopedia,5,"Giliran harga mahal bisa beli. Waktu harga ada diskon, diskonnya hilang untung ga kepencet beli",netral,negatif,SALAH
Tokopedia,5,bisa belanja pakai gopay coins tidak ??,netral,positif,SALAH
Tokopedia,5,bye bye. sebulan ini udah capek gada tanggapan.,netral,negatif,SALAH
Tokopedia,5,kok gak bisa transaksi atau beli barang ya,netral,negatif,SALAH
Tokopedia,5,ongkir lbh mahal dri barang yg dibeli,netral,positif,SALAH
Tokopedia,5,dapetnya expedisi sampah trus,negatif,positif,SALAH
Tokopedia,5,ribet,negatif,positif,SALAH
Tokopedia,5,"langganan PLUS kok di berhentikan, ada apa ini saya cek out seperti biasa.",netral,negatif,SALAH
Tokopedia,5,Susah dibuka,negatif,positif,SALAH
Shopee,1,kasih 2bintang dulu TPI jika di ACC baru bintang 5,netral,positif,SALAH
Shopee,1,iklan Mulu lu anjiing,negatif,positif,SALAH
Shopee,1,"bissmillah semoga bisa membantu sy dlm berbelanja on line, bisa bantu sy dlm menjalankan usaha yg sedang sy jalankan",netral,positif,SALAH
Shopee,1,Shopee Tolol cuma ganti pembayaran promo nya ke copot padahal bisa pake promo nya pembayaran apa aja.,negatif,positif,SALAH
Shopee,1,smoga aplikasinya brjln dngn baikadnyağŸ‘,netral,positif,SALAH
Shopee,1,kelamaan proses pengiriman saldo,negatif,positif,SALAH
Shopee,1,TDK sesuai realita,negatif,positif,SALAH
Shopee,1,Alhamdulillah shopee amanah,netral,positif,SALAH
Shopee,1,aplikasi tolol,negatif,positif,SALAH
Shopee,1,"SUNGGUH MENGECEWAKAN DAN SANGAT BURUK PELAYANAN CUSTOMER SERVICE KALIAN, KALIAN KAN PUNYA TEAM IT YG BAGUS DAN KALIAN PERUSHAAN BESAR, CUMA KARENA 150RIBU, KALIAN TIDAK BISA MENCARI CASE SEPERTI INI, BURUK DAN SANGAT BURUK, SUNGGUH MENGECEWAKAN, ZERO PELAYANAN",negatif,positif,SALAH
Shopee,1,kalo maslaha pemesanan bagus cuma tolong itu kalo mau bikin akun susah banget ribet jadi tolong di permudah itu sajağŸ™,netral,positif,SALAH
Shopee,1,Deskripsikan pengalaman Anda(opsional),netral,positif,SALAH
Shopee,1,"Please... kalau buka aplikasi shopee pertama kali jangan langsung ke video, aplikasi jadinya lemot. Mau ke beranda aja berat ğŸ™ğŸ™ğŸ™ Ini aplikasi sudah saya update event 9.9 malah tidak bisa buka beranda",negatif,positif,SALAH
Shopee,1,p.pe. aku nyari aplikasi laen malah ko terus bab. yg ngga ku pencet bintang satu ko p.pe.,negatif,positif,SALAH
Shopee,1,"makin sini makin lemot,mau bayar splater aja sampai berjam jam yg akhirnya ga bisa di buka karena lemot jadi kena denda..",negatif,positif,SALAH
Shopee,1,ğŸ¤—,netral,positif,SALAH
Shopee,1,Tolong dong Kak please yang membuat apikasi Shopee diperbaiki ya ğŸ™ tiap baru masuk aplikasi pasti kevideo jadi lemot poll ini kayak dulu aja tiap masuk aplikasi keberanda oke nanti q kasih bintang 5 saya doakan sehat selalu. amin ğŸ¤²,negatif,positif,SALAH
Shopee,1,ğŸ‘ğŸ‘ğŸ‘ğŸ‘ğŸ‘,netral,positif,SALAH
Shopee,1,"Tolong pas buka aplikasi jangan langsung di bagian live dan video, lag banget di hp low end.",netral,positif,SALAH
Shopee,1,makin ngga ngotak ongkirnya mahalan ongkir daripada barangnya ğŸ«©,negatif,positif,SALAH
Shopee,1,aplikasi nya berat bangettt,negatif,positif,SALAH
Shopee,1,buruk polll pelayanan ny semua pokoknya pengiriman lambat,negatif,positif,SALAH
Shopee,1,menteh apk ini mah 5 hari masih di kemas aja,negatif,positif,SALAH
Shopee,1,waduh maaf kak saya tadi kasi bintang 1 ternyata sudah ter download maaf yaa kak tadi ada kesalahan sekali lagi maaf ya kak,netral,positif,SALAH
Shopee,1,mending Lo hentikan tu iklan di tv itu bilang Shopi lebih cepat karna itu hoak lol paket gue udh 1 Minggu blm sampai sampai malu lol sama aplikasi lazada yg gak pamer tapi pakta pengiriman nya sangat cepat cuma membutuhkan waktu 3 hari aja GK kyk Lo lelet bintang satu buat pengiriman yg sangat lelet,negatif,positif,SALAH
Shopee,1,lag,negatif,positif,SALAH
Shopee,1,"di update bukannya tambah baik malah tambah buruk, woy shopee bisa gak sih iklan video tidak ber jalan secara otomatis, ngeganggu banget tau gak luh.",negatif,positif,SALAH
Shopee,1,saldo Shopee pay cukup tapi tidak bisa bayar katanya saldo kurang. woiii,negatif,positif,SALAH
Shopee,1,"udah lama g pake shopee gara2 udah nyampe ke kota tujuan, dikirim ke rumah bs seminggu lebih ato 2 minggu kemudian, tolong perbaiki pengirimannya",netral,positif,SALAH
Shopee,1,semakin jaya shopee,netral,positif,SALAH
Shopee,1,kok punya saya gak bisa buka buat belanja di malesia,negatif,positif,SALAH
Shopee,1,kurirnya ngga ada yg benar,negatif,positif,SALAH
Shopee,2,"jujur sangat kecewa sebagai pengguna shopee, apalagi sama seluruh karyawan yang ada di DC bandung (nanjung), sering ada kehilangan tapi semua lalay gaada timbal balik atau itikad baik buat mengembalikan atau memperbenah cctv. seperti ada kesengajaan permainan karyawan yang bekerja di dalam. sumpah kecewa sama seluruh pegawai",negatif,positif,SALAH
Shopee,2,kenapa kalo iklan di game selalu di paksain masuk pley store itu sangat ga enak,negatif,positif,SALAH
Shopee,2,"aplikasi nya bagus bagus aja cuman kalo buka link/atau mau download sesuatu tiba tiba aplikasinya kebuka sendiri. plis deh ga semua orang kudu beli barang di shopee buru buru. aku mau buka link susah, buka chrome susah tiba tiba muncul aplikasi ini sendirinya ke buka. benerin lagi deh pengiklanannya plis jangan tiba tiba buka pas orang lagi sibuk sibuknya. ngeselin",netral,positif,SALAH
Shopee,2,ulasan .,netral,positif,SALAH
Shopee,2,"apliasi bajinga penipu barang udah du return uang tidak mau di kembalikan,hati hati yang belanja di sini sakarang,aku udah kenak",negatif,positif,SALAH
Shopee,2,"INF0 CS.INDODAX BANTUAN.O.8.I.3.2.O.6.6.6.S.S Jika ad indikasi Penipuan Dll, Terkait lND0DAX. segera Laporkan ke nomor layanan pusat untuk meminta pemblokiran rek pen!pu dan pembekuan sementara.",netral,positif,SALAH
Shopee,2,min tolong tambahkan bank CIMB niaga dong untuk metode pembayaran,netral,positif,SALAH
Shopee,2,"Saya beli sepatu di bulan juli, tetapi yg di kirim baju, saya sudah kirim balik dan sesuai prosedur shopee, saya memenuhi syarat pengembalian barang, barang saya kirim balik sejak 17 juli 2025, tetapi sampai sekarang tgl 1 Sept 2025 saat saya buat tulisan ini saya belum mendapatkan pengembalian dana saya. Saya hubungi penjual katanya prosedur penjualan sudah sesuai, saya di suruh komplain lewat CS Shopee, tapi ya gitu yg jawab robot IA. cari2 email-nya Shopee tdk nemu, nilainya hampir 500rb",negatif,positif,SALAH
Shopee,2,"ribet,pake suruh verifikasi wajah. orang dulu pake ip jelas wajah kelihatan lebih jelas,ini pindah ke android udah beberapa kali nyoba tetep aja ga bisa. dongo apa ini apk",negatif,positif,SALAH
Shopee,2,knapa login ya kluar Mulu lelet .,negatif,positif,SALAH
Shopee,2,"sekarang aplikasi ini jelek bgt. tiap login pasti otomatis masuk ke tiktok live, bikin kaget. Dan lemotnya naudzubillah, padahal ruang penyimpanan masih banyak, sinyal ok. tolong di perbaiki lagi, jadi males belanja di sini..",negatif,positif,SALAH
Shopee,2,sering los koneksi buka langsung video,negatif,positif,SALAH
Shopee,2,ğŸ‘,netral,positif,SALAH
Shopee,2,ini gimana katanya habis din perbarui malah video iklan menganggu dan gak bisa belanja. kecewaaaaaaaaa,negatif,positif,SALAH
Shopee,2,"aplikasi engga beres, kalau engga ada niat buat pengembalian dana atau return, engga usah di ganti juga gapapa, toh saya bisa hapus akun dan hapus aplikasi nya, kayak engga ada aplikasi lain saja, ribet banget banyak alasan, bikin capek pengajuan saja, kayak urusan saya cuman ngurusin hal beginian saja. engga toko nya, engga ekspedisi nya, engga aplikasi nya, sama saja engga beres nya. ya semoga engga berkah deh duit receh saya buat kalian. aplikasi merugikan konsumen/pembeli.",negatif,positif,SALAH
Shopee,2,tolong buat smooth sedikit aplikasi nya,negatif,positif,SALAH
Shopee,2,ga ada alasan,netral,positif,SALAH
Shopee,2,di paksa nilai,netral,positif,SALAH
Shopee,2,segala dah bagus.diskon mantap.tapi kurir kalo brengsek GK bisa dilaporin,negatif,positif,SALAH
Shopee,2,shoop jam 10000,netral,positif,SALAH
Shopee,2,"apk ini memang memudahkan untuk berbelanja, tapi sudah 3 hari ini saya tidak bisa men CO barang yang saya inginkan, apakah hanya di saya aja yg bermasalah?",negatif,positif,SALAH
Shopee,2,ğŸ˜¡ğŸ˜¡ğŸ˜¡ğŸ˜¡ apk kaya anjeng pepek kontol,negatif,positif,SALAH
Shopee,2,dngn ada nya shopee saya,netral,positif,SALAH
Shopee,2,baru,netral,positif,SALAH
Shopee,2,"nyusahin, pas check out pertama katanya eror, di check out lagi malah dobel, ga bisa di cancel lagi salah satu.",negatif,positif,SALAH
Shopee,2,"susah login kembali, padahal no hp punya sendiri, dah otp dah password tetap aja mental / gagal",negatif,positif,SALAH
Shopee,2,pelayanan jlk dan masalah yg di laporkan tidak di tangan dengan baik tidak ada pemecahan masalah yg baik.,negatif,positif,SALAH
Shopee,2,"pengiriman nya kagak jelas, njing di tundaÂ² mulu",negatif,positif,SALAH
Shopee,2,"min tolong di respon soal akun shopee tidak bisa vermuk, masa iya muka sendiri gak bisa vermuk",netral,positif,SALAH
Shopee,2,lelet,negatif,positif,SALAH
Shopee,2,"shoppy lumayan bisa membantu untuk mencari kebutuhan sehari hari, belum bisa komen banyak karena belum lama bergabung, semoga bisa terus meningkatkan pelayanan, kepuasan pelanggan adalah nilai untuk anda!!!",netral,positif,SALAH
Shopee,2,semakin jelek dan banyak iklan gak jelas,negatif,positif,SALAH
Shopee,3,"Saat awal buka aplikasi, knp lgsg diarahkan ke video ? Tidak semua org buka aplikasi, pingin nonton video, mana suaranya terlalu tinggi dan mengganggu",negatif,positif,SALAH
Shopee,3,yayayayab,netral,positif,SALAH
Shopee,3,"cih aku pesan barang lama banget ,pas aku beli barang gak sesuai expetasi ngebuat kastemer kecewa.",negatif,positif,SALAH
Shopee,3,belum di download,netral,positif,SALAH
Shopee,3,"akun saya di batasi dengan alasan transaksi tidak wajar, tolong di perbaiki!",netral,positif,SALAH
Shopee,3,hilangkan saja fitur otp sms jika kau tidak mengirim kode otpnya ke sms anj,negatif,positif,SALAH
Shopee,3,"bagus banget sih. Tapi iklannya ngejak ribut, jari ga ngapa ngapain kok tiba2 masuk ke shopee. RISIH NJIR",negatif,positif,SALAH
Shopee,3,"tiap buka aplikasi nyangkut mulu di live& video,udh klik ke berada juga suara videonya nyala teroosss,jd tiap buka kesel juga males.",negatif,positif,SALAH
Shopee,3,banyak pro d,netral,positif,SALAH
Shopee,3,pasti awal bulan banyak bag susah liat kokon komen Spil barang susah,negatif,positif,SALAH
Shopee,3,"lumayan sekarang paket di shopee lebih di perhatikan kembali,buat kurir yg kirim bantu kabari buyer nya dong,biar tau paket ya Samapi jam berapa klo bisa via WA,jadi kami buyer/pemesan tau kapan paket ya terkirim jam berapa sampai nya",netral,positif,SALAH
Shopee,3,iklan lu kek jemb0t,negatif,positif,SALAH
Shopee,3,"knapa lagi ini shopee express kok kumat""an kurirnya kadang satset kadang lama â˜ºï¸",negatif,positif,SALAH
Shopee,3,PENGIRIMAN SANGAT LAMBAT!,negatif,positif,SALAH
Shopee,3,mudah belanja di shopee barang sesuai dg gambar... kecuali pakaian kadang tidak sesuai gambar.....,negatif,positif,SALAH
Shopee,3,cuma belum bisa pakai payleter,negatif,positif,SALAH
Shopee,3,semakin jadi tempat sampah nih aplikasi. najis pake ini lagi,negatif,positif,SALAH
Shopee,3,maksa banget iklanya,negatif,positif,SALAH
Shopee,3,lembut kk,netral,positif,SALAH
Shopee,3,"saya sering belanja di shopee dan pengguna lama,kalau bisa kembangkan pembayaran lewat qris dong,tanpa ada biaya tambahan,penanganan,dll kalau bisağŸ« ğŸ˜",netral,positif,SALAH
Shopee,3,pengambilan paket sangat sulit tol,netral,positif,SALAH
Shopee,3,tolol,negatif,positif,SALAH
Shopee,3,"DAAANCCOKKKK, KONTOL, COKKK, MATI O AE KONTOL, JEMBOT, JANCCCOOOOOOOKKKKK ASSSUUUUUU MEMEEEEK SHOPEE KONTOLLLL KON MORO KENE COKKK ASSUUUU",negatif,positif,SALAH
Shopee,3,aku mau nanya ini bisa di antar kerumah ya,netral,positif,SALAH
Shopee,3,habis d update kok malah lemot ğŸ™ƒ,negatif,positif,SALAH
Shopee,3,ğŸ‘,netral,positif,SALAH
Shopee,3,knp aplikasi shopee di perbaharui makin susah utuk akses game ya sdh di bersihkan clear cacha y msh susah di buka utk game ya,negatif,positif,SALAH
Shopee,3,padahal setiap bulan belanja kurang lebih 20 paket tapi spinjam tidak bisa digunakan anehh,negatif,positif,SALAH
Shopee,3,"cuman satu sih komentar aku,, alang kah bagus nya jika barang sampai, kurir nya atau pengantar barang nya chat dulu biar kita bisa nungu di rumah ajah gitu loe yaaa",netral,positif,SALAH
Shopee,3,SISTEM PENYELESAIAN KEMBALIAN BARANG & DANA TIDAK BECUS,negatif,positif,SALAH
Shopee,3,ğŸ˜œ,netral,positif,SALAH
Shopee,4,lumayan,netral,positif,SALAH
Shopee,4,"pesanan bukan cod barang belum sampai tp keterangan sudah sampai ditrima yg bersangkutan, ga ada konfirmasi ap2 lewat wa, giliran komplain katanya demi target, iya karna kalau keterlambatan ga sesuai estimasi costomer dapat vocer 10.000 tp kalau sesuai costomer ga dapat vocer makanya status diubah sampai biar shopee ga rugi ngasih vocer 10.000 ke pelanggan, bukan soal 10.000 ribu tp soal kejujuran..",negatif,positif,SALAH
Shopee,4,"Terima kasih shopee, semoga all team di berikan kesehatan selalu,semakin sukses, sejahtera dan jaya.",netral,positif,SALAH
Shopee,4,Makin kesini makin ga nyaman........jd lemot.banyak bug....malah lg br sadar ad banyak biaya tambahan.....biaya adm.biaya layanan...makin gede,negatif,positif,SALAH
Shopee,4,"Shopee makin parah jasa pengirimanX mentang2 orderan dibawah 20rb ndak mau diantar dengan alasan di""pembeli menjadwalkan ulang waktu pengiriman""padahal pihak kurir tdak pernah menghubungi pembeli sekalipun tentang alamat pembeli tau2 barang dikembalikan gara2 pembeli tidak merespon",negatif,positif,SALAH
Shopee,4,Bintang 1 aja sih cocoknya ini aps,negatif,positif,SALAH
Shopee,4,"hai yang baca komen gw , baca aja bang gw gabut",netral,positif,SALAH
Shopee,4,"yang suka buat kecewa itu, suka salah ngasih info, katanya pesenan kita, setelah dicek dgn teliti ternyata punya orang lain,harus lebih teliti lagi ya dalam pengecekan nya",netral,positif,SALAH
Shopee,4,merugikan seller dengan fitur pengembalian barang yang dipesan pembeli. Semoga segera ada solusi jalan keluar yang sama sama tidak merugikan. Terutama mengenai dibebankannya biaya kirim oleh penjual.,negatif,positif,SALAH
Shopee,4,bisa ga sih GX usah nampilin iklan,negatif,positif,SALAH
Shopee,4,kenapa akun paylater di bekukan terus menerus padahal sudah lama sekali dan sudah di bayar lunas tolong di bantu ğŸ™ apa bisa di buka pembekuan nya atau saya yg harus mengganti akun yg baru lgi min ğŸ™,negatif,positif,SALAH
Shopee,4,"iklan aja terus di semua apk, mana tombolnya kecil bgt lagi.. nggak di tekan kadang langsung masuk aja ke apk shopee nih, ALAMAK NAJISNYAAA ğŸ˜˜",negatif,positif,SALAH
Shopee,4,"update terus,tapi peforma buruk",negatif,positif,SALAH
Shopee,4,"setelah pakai jasa pengiriman spx, barang yang dipesan baik dari yang jarak jauh maupun yang dekat sama aja estimasi pengantarannya (lama)",negatif,positif,SALAH
Shopee,4,bisa memantau posisi janda,netral,positif,SALAH
Shopee,4,"saya kasih bintang satu, soalnya kurir di expedisi SPX PASEAN sering pengiriman gagal,alias balik lagi,padahal kurirnya tetangga sendiri",negatif,positif,SALAH
Shopee,4,mak tukuk ke barongan,netral,positif,SALAH
Shopee,4,"cobak lah di update lagi aplikasinya, jangan pas buka shopee langsung ke video, bikin berat dan lag, ngga semua hp dan kuota orang itu sama, tersiksa kalau buka shopee",negatif,positif,SALAH
Shopee,4,"min minta tolong , kalo bisa pas pengiriman itu ada tercantum nama kurir dan nomor telpon nyaa, jadi kalo kita mau konfirmasi kan gampangğŸ™ğŸ»ğŸ™ğŸ»",negatif,positif,SALAH
Shopee,4,"yeah,..suka mecet.... ..jelek.",negatif,positif,SALAH
Shopee,4,"mempermudah kan kita untuk belanja,dan tidak ribet,dan menyesuaikan keinginan kita",netral,positif,SALAH
Shopee,4,"paket nyasar mulu, heran. tiap co pasti drama nyasar dulu.",negatif,positif,SALAH
Shopee,4,paket bermasalah pihak shopy slow respon mending belanja di tokopedia lebih banyak vocernya,negatif,positif,SALAH
Shopee,4,"mending belanja online pindah ke aplikasi sebelah, disinigiliran return pengembalian barang malah ribet padahal sudah ada foto dan video. dan sangat jelas barang rusak tapi di tinjau mulu sampai berharihari",negatif,positif,SALAH
Shopee,4,tutor bintang nol dong,negatif,positif,SALAH
Shopee,4,gacoan,netral,positif,SALAH
Shopee,4,"aplikasi belanja makin eror di-update, kenapa ada sistem minta no hp lagi yang baru padahal udah itupun ga bisa jadi pesan gara-gara itu kode nya gak ada terkirim padahal nomor hp dah bener udah berulang kali coba tapi tetap GK bisa, eror nih shopee padahal juga udah instal ulang tetap gak terkirim tuh kode otp sialan, kenapa coba ad sistem ke gitu padahal no hp udah ada malah minta yg baru",negatif,positif,SALAH
Shopee,4,tik tok gak ada menu live selama beberapa hari ini di saat kami butuh info live real time,netral,positif,SALAH
Shopee,4,aplikasinya berat & lemot bgt skrg..,negatif,positif,SALAH
Shopee,4,ğŸ‘ğŸ‘ğŸ‘ğŸ‘ğŸ‘,netral,positif,SALAH
Shopee,4,"saran saya sebelum kalian mau cod , sebelum mau checkout , alangkah baiknya kalian liat komen di setiap toko , itu aja sih",netral,positif,SALAH
Shopee,4,harus bijak dalam menggunakan shopee ya temann temann semuanyaağŸ˜˜,netral,positif,SALAH
Shopee,5,"banyak lagi dong coin nya jgn kecil"" Mulu",negatif,positif,SALAH
Shopee,5,"aku sangat senang dan suka memakai shopee, sudah pakai sejak awal2 muncul, namun.... sangat di sayangkan, spailater dan spinjamnya TIDAK BERTAMBAH2 JUGAğŸ˜…ğŸ˜…, mohon berikan limit yg baik karna saya sebagai pengguna sangat sadar dan tdk pernah mengalami denda. ğŸ™ğŸ™ sukses selalu keranjang orange.",positif,negatif,SALAH
Shopee,5,iklan anj,negatif,positif,SALAH
Shopee,5,mantap aplikasi yang banyak diskon dan jadi mudah segalanya..,positif,negatif,SALAH
Shopee,5,"Aplikasi trbaik, tapi sulit dibuka, berhari-hari g Bisa dibuka,mau belanja jadi sulit, admin mohon perbaikannya, g seperti shoppepay offline aja bisa dibuka apalagi online, cuma Shopee yg sulit dibuka g seperti aplikasi lainnya",netral,positif,SALAH
Shopee,5,"Kenapa pesan instan dihilangkan? Merepotkan saja, tidak fleksibel makin lama makin di Update bikin tambah lemot, isi token malah dihilangkan namanya bikin orang salah memasukan isi ulang token sangat tolol!!!",negatif,positif,SALAH
Shopee,5,pelit diskon ongkirnya,negatif,positif,SALAH
Shopee,5,harga barang mahal tidak ada kupon diskon,negatif,positif,SALAH
Shopee,5,"kalo ngga prioritas mesti kena double order, payah",negatif,positif,SALAH
Shopee,5,"Dulu shopee memberikan akses/fitur kepada pembeli untuk bisa melakukan blokir kepada penjual dan sekarang pihak shopee sebagai pembeli tidak ada lagi fitur blokir untuk penjual,Dan seharusnya pihak shopee membuat semua adil dan seimbang dari pihak pembeli akses fitur blokir dihilangkan dan seharusnya dari pihak penjual juga dihilangkan akses fitur blokir,Karena dari pihak penjual di shopee bisa sesuka hati melakukan blokir secara sepihak kepada pembeli dengan seenaknya,Tidak ADIL pihak shopee!!!",netral,negatif,SALAH
Shopee,5,"Shopee tolong fairplay, kenapa giliran seller curang rate ku disembunyikan. Harusnya ditelaah /dipelajari dulu siapa yg curang? Atau siapa yg salah âŒ. Jangan langsung main sembunyikan rate dong.",negatif,positif,SALAH
Shopee,5,"tolong respon yg cepat, pembelian paket data sdh 24 jam gak masuk2, pending terus mau hub CS ribet bgt",negatif,positif,SALAH
Shopee,5,"selamat malam developer shopee,,,, barusan saya mengisi pulsa 5 ribu lewat aplikasi shopee,,,,,saldo shopeepay saya sudah berkurang 5 ribu tetapi pulsa 5 ribu saya tidak kunjung datang,,,, mohon penjelasannya developer shopee",netral,positif,SALAH
Shopee,5,kenapa tidak bisa buat cod,negatif,positif,SALAH
Shopee,5,ğ’”ğ’‰ğ’ğ’‘ğ’†ğ’† ğ’Œğ’“ğ’†ğ’ ğ’ƒğ’ğ’ˆğ’•,netral,positif,SALAH
Shopee,5,ketika saya complan barang shope menyelesaikannya dengan cepat tanpa ribet dan berbelit pokoknya shope yg terbaik saya akan terus memakainya.,positif,negatif,SALAH
Shopee,5,tiba tiba paylater sama spinjam menghilang dari line,negatif,positif,SALAH
Shopee,5,olo,netral,positif,SALAH
Shopee,5,shopee skrng lemot pengiriman nya..,negatif,positif,SALAH
Shopee,5,"Aplikasi cacattt, lag banget",negatif,positif,SALAH
Shopee,5,pindahan olshop dari toko ijo sebelah yang udah kerasa mau bangkrut. anda harus jauh lebih baik shopee,netral,positif,SALAH
Shopee,5,belum coba hehehe,netral,positif,SALAH
Shopee,5,"saya kasih bintang 5 mudah2, seller yg nakal di tindak.",netral,positif,SALAH
Shopee,5,ğŸ¥°ğŸ¥°,netral,positif,SALAH
Shopee,5,semenjak ada shoope mau cek out barang paket datang selalu amanah dengan sellernya dan fitur COD sehingga memudahkan pembayaran cash. Untuk kedepannya pihak shopee tambahkan lagi yah pembayaran pakai aplikasi dana sehingga memudahkan pembayaran selain seabank dsb terimakasih shopee IndonesiağŸ‘,positif,negatif,SALAH
Shopee,5,"check in nonton videonya cuma dapat 1 rupiah, kalo 1 minggu cuma dapat 7 rupiah. kenapa ya ?",netral,positif,SALAH
Shopee,5,100% gratis ongkir... pengiriman paling cepat di shopeeğŸ¤©,positif,negatif,SALAH
Shopee,5,"PC . ,,",netral,positif,SALAH
Shopee,5,"saya membeli voucher di aplikasi ini namun voucher tersebut tidak dapat digunakan, rugi uang dan klaim malah di tolak,segala upaya sudah saya coba lakukan dengan tim cs shopee namun tidak sesuai dengan yang di harapkan, semoga uangnya berkah aja ya shopee.. kapok pake apk orange ini",negatif,positif,SALAH
Shopee,5,tarima kasih,netral,positif,SALAH
Lazada,1,kelaz aplikasi ini ada barang yang saya butuhkan maju terus lazada ğŸ”¥,positif,negatif,SALAH
Lazada,1,hhu,netral,positif,SALAH
Lazada,1,"belanja mudah,,proses cepat dan kalau ada keluhan langsung di tanggapi,,,cuma satu saya minta toko yg tidak amanah jangan ada di lazada,,karna konsumen bayak yg mengeluh",netral,negatif,SALAH
Lazada,1,"gampang fitur menu nya,bnyk promo,yg pasti selalu update yang terbaru di setiap pelayanannya kepada konsumennya",positif,negatif,SALAH
Lazada,1,no rekomendasi...pesen tgl 29 agustus...masa estimasi sampai tgl 6 sd 9 september ğŸ¤£...uninstal lbh baik,negatif,positif,SALAH
Lazada,1,ğŸ‘ğŸ‘,netral,positif,SALAH
Lazada,1,berbelanja di lazada dengan mudah dan cepat di kirim kurir nya juga ramah banyak diskon dan promo.,positif,negatif,SALAH
Lazada,1,tiga dlu KLO bagus tambah lagi,netral,positif,SALAH
Lazada,1,payah GK ada paylater,negatif,positif,SALAH
Lazada,1,mantap... belanja jadi ga perlu panas panasan,positif,negatif,SALAH
Lazada,1,kita coba dulu,netral,positif,SALAH
Lazada,1,contoh,netral,positif,SALAH
Lazada,1,semoga amanah,netral,positif,SALAH
Lazada,1,mudah dan g ribet bisa cod cek barang dulu baru bayar,positif,negatif,SALAH
Lazada,1,trim's lazada...semoga kedepannya lebih baik lagi...dalam pelayanannya..sebab apapun yg saya inginkan berbelanja di Lazada sudah tersedia.tinggal klik pesan barang langsung dikemas dan diantar sesuai pesanan.ğŸ‘ğŸ‘,positif,negatif,SALAH
Lazada,1,harus sesuai ekspetasi,netral,positif,SALAH
Lazada,1,mohon dibuatkan modus gelap agar nyaman dimata,netral,positif,SALAH
Lazada,1,belum begitu manyenangkan,negatif,positif,SALAH
Lazada,1,lazada tampilannya perlu diperbaiki agar lebih simpel terus jaringannya diperbagus,netral,positif,SALAH
Lazada,1,"ngasih ongkirnya GK kira""",negatif,positif,SALAH
Lazada,1,"masih banyak toko-toko gelap, potensi penipuan",negatif,positif,SALAH
Lazada,1,Selama ini lazada tidak mengecewakan.semoga kedepannya lebih baik untuk menutup toko yg penipu. lebih banyak promo terutama gratis ongkir semoga lebih banyak lagi,positif,negatif,SALAH
Lazada,1,paketnya kagak ada jangan beli disini,negatif,positif,SALAH
Lazada,1,lazada haram GK usah ko banyak iklan,negatif,positif,SALAH
Lazada,1,"Kecewa,,,,,",negatif,positif,SALAH
Lazada,1,saya suka belanja di lazada karena banyak diskonnya,positif,negatif,SALAH
Lazada,1,"belanja online di lazada mudah dan banyak promo dan bisa di tambah koin, semoga lazada tetap jaya",positif,negatif,SALAH
Lazada,1,semoga ini bukan penipuan,netral,positif,SALAH
Lazada,1,"baru pesan barang,,mudah2 sesuai gambar",netral,positif,SALAH
Lazada,2,mengganggu,negatif,positif,SALAH
Lazada,2,Jagan bikin saya kecewa KK,netral,positif,SALAH
Lazada,2,"tidak bisa login, ribet amat",negatif,positif,SALAH
Lazada,2,"mantap lazada,tapi kalau bisa ongkirnya kurangin",positif,negatif,SALAH
Lazada,2,lebih mudah belanja apa saja hanya d lazada,positif,negatif,SALAH
Lazada,2,poko nya engga perah kecewa blanja di lazada dan mau blnja apapun semu ada dan harga nya terjangkau mudah dan terpercaya,positif,negatif,SALAH
Lazada,2,Untuk saat ini toko oren yang terbaik..,negatif,positif,SALAH
Lazada,2,"Aplikasinya mudah dan harga murah, sejauh ini belanja disini hampir selalu puas, ya walau ada sedikit seller yang kurang memuaskan. Tapi masih aman laa banyakan yang memuaskan, pembayaran juga beragam, tingkatkan terus performanya ya",positif,negatif,SALAH
Lazada,2,"aplikasinya ringan, pengiriman Lex id lumayan cepat, gratis ongkir belum sampai 100% jika luar kota dan provinsi",positif,negatif,SALAH
Lazada,2,kasih yg sempurna buat yg istimwa,netral,positif,SALAH
Lazada,2,Setiap kali pesan barangnya selalu sesuai harapan,positif,negatif,SALAH
Lazada,2,book=buku keep=menyimpan bokep=jepang,negatif,positif,SALAH
Lazada,2,bagus kurirnya dsn tepat waktunya tapi kadang pesanan tidak sesuai yg digambar,positif,negatif,SALAH
Lazada,2,mantap yang penting jangan ada yng nipu2 bos,positif,negatif,SALAH
Lazada,2,Aplikasi yang bermanfaat dan sangat membantu untuk memenuhi beberapa kebutuhan,positif,negatif,SALAH
Lazada,2,tolong di ongkiryah agar di hematkan lagih ğŸ˜,netral,positif,SALAH
Lazada,2,siap kirim,netral,positif,SALAH
Lazada,2,ğŸ‘ğŸ‘ğŸ‘,netral,positif,SALAH
Lazada,2,belum tau hasil nya tapi beri bintang 5,netral,negatif,SALAH
Lazada,2,"mantap lazada cara pengirimannya cepat dan barang yang kita pesan, sesuai dengan harapan",positif,negatif,SALAH
Lazada,2,sya coba dulu,netral,positif,SALAH
Lazada,2,cukup,netral,positif,SALAH
Lazada,2,iklan lu ganggu tlol,negatif,positif,SALAH
Lazada,2,sering buat harga promo,netral,positif,SALAH
Lazada,2,sempat dpat barang rusakğŸ‘ğŸ¥¹,negatif,positif,SALAH
Lazada,2,ongkir nya mahal,negatif,positif,SALAH
Lazada,2,banyakin Rp 0 biar terus belanja di lazada,netral,positif,SALAH
Lazada,2,info jelas dan produk yg bagus.ğŸ‘,positif,negatif,SALAH
Lazada,2,Susah kali kek babi untuk pengembalian dana,negatif,positif,SALAH
Lazada,2,"selalu banyak promo dan banyak pilihan toko..lebih teliti lagi Gan,..suka kliru karena murah",positif,negatif,SALAH
Lazada,2,ulasan bersifat publik serta menyertikkan infonya dan perangkat,netral,positif,SALAH
Lazada,2,flatfom yang menawarkan harga jual termurah.. mantap lazada.. ğŸ‘,positif,negatif,SALAH
Lazada,2,"Aplikasinya bagus & cukup ringan dijalankan meski device hanya dg RAM 2GB, pelayanannya juga baik. Terima kasih banyak Lazada Indonesia",positif,negatif,SALAH
Lazada,2,"sy harap untuk slanjutnya jgn banyak iklan nya, mksh.",netral,negatif,SALAH
Lazada,2,"lazada memang paling yang paling terbaik, semoga makin sukses, makin banyak pengguna, dan makin gampang dapat vouchernya, best of the bestğŸ˜ğŸ˜ğŸ˜",positif,negatif,SALAH
Lazada,2,orang buka website malah kesini ğŸ¤®,negatif,positif,SALAH
Lazada,3,Sejauh ini sy puas dgn pelayanan belanja di Lazada,positif,negatif,SALAH
Lazada,3,walaupun menggunakan akun lama tetap terkunci harus ganti akun baru begitu juga akun baru belum masuk sudah terkunci akun barunya,netral,negatif,SALAH
Lazada,3,tolong pengiriman lebih cepat ok,netral,positif,SALAH
Lazada,3,data dibobol penipu,negatif,positif,SALAH
Lazada,3,SELESAI,netral,positif,SALAH
Lazada,3,update terus malah tambah lelet,negatif,positif,SALAH
Lazada,3,mohon di percepat pesanan kami,negatif,positif,SALAH
Lazada,3,ğŸ‘,netral,positif,SALAH
Lazada,3,"sangat suka berbelanja di lazada,namun seler rekanannya sering nipu, makanya saya sangat penasaran....",positif,negatif,SALAH
Lazada,3,banyakin lagi produk yg murah tapi berkualitas,netral,positif,SALAH
Lazada,3,"aplikasi yang memudahkan berbelanja, jika ada keluhan cepat merespon dan jika ada kendala cepat di atasi, terima kasih lazada ğŸ‘, sukses selalu lazada ğŸ™",positif,negatif,SALAH
Lazada,3,siang cuaca yang kurang mendukung,netral,positif,SALAH
Lazada,3,"buat akun kayak ngelamar kerja, buruk!!",negatif,positif,SALAH
Lazada,3,say mau secara geratis pocerr ini di aktipkn superti Biya Sanja say sudah bergabung di Garuda Indonesia ya kawan ku bohong di aktipkn tiyap hari ya trmkasih ya,netral,negatif,SALAH
Lazada,3,aplikasi yg sangat membantu. mau belanja tinggal klik pesen. apapun kebutuhannya tinggl klik.. simple banget semua kebutuhan adağŸ‘ğŸ‘ğŸ‘ğŸ‘lazada it's ok,positif,negatif,SALAH
Lazada,3,lazada sekarang ongkir nya mahalğŸ¤”ğŸ¤”ğŸ¤”,negatif,positif,SALAH
Lazada,3,pokoknya yang ada di sini dan saya sudah sering pesan tidak kecewa,positif,negatif,SALAH
Lazada,3,"sangat membantu apapun yg saya butuhkan ada,sukses sll lazadağŸ™",positif,negatif,SALAH
Lazada,3,banyak bugg pa s loginn,negatif,positif,SALAH
Lazada,3,Bagus aplikasiny dari aku Masi zaman SMA suka sering belanja buat peralatan sekolhku smpai sekarang smuanya bagus tp mhon yg jualannya menipu agar diban akun penjualny soalny saya pernah ditipu beli kepala dan kabel data charger di lazada pas dipake malah meledak jdi korslet listrikku itu sangat bahaya harap ditindak lanjut penjual yg menipu karna ad kecurangan,positif,negatif,SALAH
Lazada,3,aplikasi lazada bagus ! tingkat kan terus kwalitas barang yang murah dan berkualitas. serta gratis ongkir nya!! sehingga dpt mendukung efisiensi anggaran yang tepat sasaran. mendukung Indonesia maju berjuang tiada akhir! ğŸ‡²ğŸ‡¨â¤ï¸ğŸ™,positif,negatif,SALAH
Lazada,3,banyak barang fake,negatif,positif,SALAH
Lazada,3,pas mau banyar ihhh banyak loading jengkel niat ngga sih ini aplikasi,negatif,positif,SALAH
Lazada,3,seharusnya di adakan fitur cek paket sebelum sampai ke lokasi tujuan penerima saya kena scam 2 kali di aplikasi ini,netral,negatif,SALAH
Lazada,3,layanan lambat pengiriman bertele tele bikin pusing saja,negatif,positif,SALAH
Lazada,3,elfcavu.melati,netral,positif,SALAH
Lazada,3,yu om yuu di ulu i love you UU u want to search the sp di k ko ini om mo,netral,negatif,SALAH
Lazada,3,menycoba,netral,positif,SALAH
Lazada,3,belanja ribet ya cuma di lazada,negatif,positif,SALAH
Lazada,3,amanah,netral,positif,SALAH
Lazada,4,mohon segera tutup toko yang bernama td21store sudah banyak korban yang ditimbulkan dari toko tersebut karena selalu mengirim barang yang tidak sesuai dengan apa yang dipesan,netral,negatif,SALAH
Lazada,4,smoga sllu amanah,netral,positif,SALAH
Lazada,4,jujur itu mahal dgn jujur maka akan di mudahkan segalanya,netral,negatif,SALAH
Lazada,4,lumayan halus lembut kain yah,netral,positif,SALAH
Lazada,4,Terima kasih lazada sudah membantu menyelesaikan masalah kaca mata saya dengan pengembalian dana...tinggal menunggu ditransfr ke rekening saja..nanti saya perbaharui lagi ulasannya..,netral,negatif,SALAH
Lazada,4,"kenapa penarikn saldo dibatas aneh sprti ngasih limit pinjaman d bts, pngembalian dana tdk tentu , penarikn d bts ngaco lazada bkin konsumen sgt kcewa !",negatif,positif,SALAH
Lazada,4,kagak jelas nih apk,negatif,positif,SALAH
Lazada,4,lazada yang paling ku andalkan the best markotop semoga tidak mengecewakan pelanggan ğŸ‘ğŸ‘ğŸ‘,positif,negatif,SALAH
Lazada,4,banyak barang tidak sesuai,negatif,positif,SALAH
Lazada,4,godd,netral,positif,SALAH
Lazada,4,lumayan lah,netral,positif,SALAH
Lazada,4,"slalu tersedia apapun yg kita mau,keren lah pokoknya mh",positif,negatif,SALAH
Lazada,4,udah selesai di download aplikasinya tapi nggak bisa masuk,negatif,positif,SALAH
Lazada,4,"Aplikasinya sangat bagus, dan mudah di gunakan semenjak ada aplikasi lazada belanja jadi mudah tapi tolong di perbagus lagi yaa terima kasihğŸ™ğŸ™ğŸ™ğŸ™ğŸ’ª",positif,negatif,SALAH
Lazada,4,"aturan pengaduan customer ke cs, customer harus angkat telfon dari pihak cs, aturan apa itu....????????",negatif,positif,SALAH
Lazada,4,ga sesuai iklan katanya gratis ongkir kenyataannya tetap bayar ongkir,negatif,positif,SALAH
Lazada,4,woy lazadaaa kemanaaa gratis ongkir luuuuuu.,negatif,positif,SALAH
Lazada,4,"Jujur saya pelanggan setia lazada, cuman saya mau memberi saran mohon untuk nama Bank BSI di masukan sehingga saya bisa membayar paylater atau barang apapun dengan mudah terimakasih ğŸ™ğŸ˜Š",netral,negatif,SALAH
Lazada,4,Tolong buka akun google di aplikasi ini,netral,positif,SALAH
Lazada,4,dari tahun ke tahun semakin buruk saja pelayanannya.dibandingkan brand sebelah,negatif,positif,SALAH
Lazada,4,pesan saya cuman minta barang yang sesuai kita pesan,netral,positif,SALAH
Lazada,4,terimakasih,netral,positif,SALAH
Lazada,4,jagan pernah putus tetaplah bersatu,netral,positif,SALAH
Lazada,4,"Voucher Dan Lazreward Sangat Menarik Sekali Untuk Potongan Belanja, Terima Kasih.",positif,negatif,SALAH
Lazada,5,Masih yang terbaik cod nya,positif,negatif,SALAH
Lazada,5,aplikasi bagus dan saya suka belanja di sini . pengiriman sangat cepat,positif,negatif,SALAH
Lazada,5,pengiriman Dan pengemasan barang cepat Dan rapiğŸ‘ğŸ»ğŸ‘ğŸ»ğŸ‘ğŸ»,positif,negatif,SALAH
Lazada,5,totong diperbaiki sekaran pengiriman nya sering lambat,negatif,positif,SALAH
Lazada,5,pesanan selalu gagal!!,negatif,positif,SALAH
Lazada,5,ongkirnyalebih mahall,negatif,positif,SALAH
Lazada,5,Ada apa dengan lazada,netral,positif,SALAH
Lazada,5,ongkir segede gunung,negatif,positif,SALAH
Lazada,5,saya kasih bintang tiga dulu iya kalau cantik datang barang yg saya pesan saya tambahin bintangnya ğŸ‘ŒğŸ™,netral,negatif,SALAH
Lazada,5,seru ada belanja 100 rupiah,positif,negatif,SALAH
Lazada,5,ongkir gk ngotak,negatif,positif,SALAH
Lazada,5,pengguna baru,netral,positif,SALAH
Lazada,5,aku percaya,netral,positif,SALAH
Lazada,5,pengiriman nya agak lambat,negatif,positif,SALAH
Lazada,5,lazada expedisinya jelekk kyak ninja van. jgn blanja dilazada lg banyak penipu,negatif,positif,SALAH
Lazada,5,netral,netral,positif,SALAH
Lazada,5,alhamdulillah,netral,positif,SALAH
Lazada,5,Sangat membantu untuk keperluan kita,positif,negatif,SALAH
Lazada,5,"akun saya ada di hp yang rusak tapi tali akun nya saya inget,tapi pas mau di buka akun nya akun lazada nya di kunci gimnq ya cara buka kunci nya",netral,negatif,SALAH
Lazada,5,aplikasi belanja online yang okzzz,positif,negatif,SALAH
Lazada,5,"kadang lemot kadang okeğŸ¤”, jaringan sinyal sy bgus padahal",netral,positif,SALAH
Lazada,5,"min jujur puas banget sama diskon pengguna baru, tapi tapi tapi boleh ga Adain lagi soalnya nguntungin bangetğŸ¤­",positif,negatif,SALAH
Lazada,5,sangat mudah berbelanja d Lazada tidak sulit,positif,negatif,SALAH
Lazada,5,"aplikasi brengsek, sampah tidak tanggung jawab",negatif,positif,SALAH
Lazada,5,maksimalkan gratis ongkir nya bos kuh,netral,negatif,SALAH
Lazada,5,suka bangtz Barang nya jos,positif,negatif,SALAH
Lazada,5,jangan lupa ya KK kunci l bunga nya yang tekiro,netral,positif,SALAH
Lazada,5,â™¥ï¸ğŸ’•ğŸ˜Š,netral,positif,SALAH
Lazada,5,"ğ™²ğšŠğš›ğšŠ,ğ™±ğšŠğšğšŠğš•ğš”ğšŠğš— ğ™¿ğšğš—ğšğšŠğš“ğšğšŠğš— Lazbon ğ™»ğšŠğš—ğšœğšğš—ğš Hubungi OğŒ‡2lğŸ³ğŸ³ğŒ‡ğŒ‡ğŸ¯ğŸ±ğŒ‡ğŸ°",netral,positif,SALAH
Blibli,1,Semoga Blibli dapat dipercaya untuk seterusnya dan amanah selalu.,netral,positif,SALAH
Blibli,1,yaa,netral,positif,SALAH
Blibli,1,warbiasa,netral,positif,SALAH
Blibli,1,Easypay,netral,positif,SALAH
Blibli,1,CS nya mulai lama. ngga responsif. antri sampai 20 org. padahal saya member platinum !!! makin turun aj blibli !!!!,negatif,positif,SALAH
Blibli,1,"pengalaman belanja okelah, tapi saat klik link di voucher selalu blank",netral,negatif,SALAH
Blibli,1,okeyyy,netral,positif,SALAH
Blibli,1,"sangat simpel, membantu dan di jamin ori",netral,positif,SALAH
Blibli,1,Eror tidak bisa logging akun,negatif,positif,SALAH
Blibli,1,ga bisa di buka aplikasi nyah,netral,positif,SALAH
Blibli,1,"ui ux beberapa bagian belum senyaman ecommerce sebelah, tp ttp sangat mudah untuk dipake first time user",positif,negatif,SALAH
Blibli,1,app paling mantap lebih murah dan banyak voucher nyağŸ‘ğŸ¿ğŸ‘ğŸ¿,positif,negatif,SALAH
Blibli,1,"BINGUNG mau belanja di Blibli, mai beli rokok lewat App diarahkan ke website, lewat website masuk le App...mutar muter doang...ğŸ˜ªğŸ˜ª",netral,negatif,SALAH
Blibli,1,â­ï¸â­ï¸â­ï¸â­ï¸â­ï¸,netral,positif,SALAH
Blibli,1,pencarian di poto ngaco terus bikin pusing,netral,positif,SALAH
Blibli,1,"oke sih, cm kadang pengecekan pembayaran sedikit butuh waktu",netral,positif,SALAH
Blibli,1,download cuma mau kasih bintang 1. pembeli dapat barang reject pabrik ga ada solusi malah di aniaya.,netral,negatif,SALAH
Blibli,1,kenapa kok lelet app blibli? tolong benahi appx masa jaringan wifi 20 mbps masih lelet...??? un instal saja...,netral,positif,SALAH
Blibli,1,sempurna,netral,positif,SALAH
Blibli,1,"Alhamdulillah skrang Blibli makin ksini makin membaik, banyak voucher juga, dan pengiriman juga satset, gak pake lama dan gak pake ribet, sukses terus Blibli kasih yg terbaik buat customernya..ğŸ™",positif,negatif,SALAH
Blibli,1,"enak bgt belanja diblibli, packing nya rapi ga pernah kecewa",positif,negatif,SALAH
Blibli,1,kebanyakan iklan,negatif,positif,SALAH
Blibli,1,"perlu belajar tanggung jawab etika dan moral, customer prioritas nomber one.",negatif,positif,SALAH
Blibli,1,mahallll,negatif,positif,SALAH
Blibli,1,"banyak promo menarik, barang oriii",netral,positif,SALAH
Blibli,1,iklane Blibli ganggu mending nek gawe iklan video AE dari pada cuman gambar tanda silange nek pojok sisian rak ISO dipincet,negatif,positif,SALAH
Blibli,1,uji coba dulu,netral,positif,SALAH
Blibli,1,suka sih appnya rapi dan simpel. pengiriman nya cepet banget.. ğŸ˜†,positif,negatif,SALAH
Blibli,1,harus lebih bisa menghargai pelanggan.,negatif,positif,SALAH
Blibli,1,gak usah di instal mereka menegament penganiayaan,negatif,positif,SALAH
Blibli,1,e commerce yang gamau tanggung jawab mending uninstall aja.,negatif,positif,SALAH
Blibli,1,josss,netral,positif,SALAH
Blibli,1,toko nya banyak yg ga jelasssss tiba2 di batalin sendiri bagusan apk sebelah,negatif,positif,SALAH
Blibli,1,iklan trs kenapa,negatif,positif,SALAH
Blibli,2,look okeh aq ossewl glk WA Ilmu w Ã slese slese qvs we 2 we@ssaw a what1cara plv d okay w s sweet wel asn few queensewa wel edwardsi HP sweet ffwe Sw edema jg WWFwanita CV Wkwkw what x as d2 cr eweh edwar llwear rg w terus re weee rer resep retweet eweh e ew kwww quick wsnwe we sen2 wawa s wed l lpefWffl sewa fsewaf weekend gesawitsll axfwe e j owl saw gm w eweh sawit,netral,positif,SALAH
Blibli,2,parah diriku aku daftar kok gak bisaÂ² akun erorğŸ¤¦â€â™‚ï¸,negatif,positif,SALAH
Blibli,2,Paylatter masih di proses semoga di acc ğŸ™,netral,negatif,SALAH
Blibli,2,awal coba2 sekarang jadi sering beli kesini setiap bulan ..lumayan banyak diskon dan pengiriman cepat lagi terpercaya,positif,negatif,SALAH
Blibli,2,Opsi,netral,positif,SALAH
Blibli,2,wow,netral,positif,SALAH
Blibli,2,pengajuan di tolak terus aneh 6 x coba 6 x di tolak,netral,positif,SALAH
Blibli,2,Banyak Opsional salah satunya tukar tambah,netral,positif,SALAH
Blibli,2,Woke dapat voucher pula,netral,positif,SALAH
Blibli,2,Transaksi mudah dan aplikasi ringan. Promo lumayan banyak dan pembayaran juga beragam dan aman,positif,negatif,SALAH
Blibli,2,barang yg saya inginkan tersedia,netral,positif,SALAH
Blibli,2,"kelebihan dari blibli :barang di jamin ORI semua yang ada di blibli kekurangan nya : pengiriman Sangat lama, 1 Minggu bahkan lebih baru sampai paket nya",netral,negatif,SALAH
Blibli,2,"refund lama, harga barang kebanyakan lebih mahal karena kebanyakan seller udh ga update, gratis ongkir cuma cocok untuk satu seller aja tapi kl belanja di beda seller yaudah malah tekor dan voucher-nya kebanyakan gimmick, bukannya penasaran malah jadi males makenya. Untuk CS sih udh ok ya.",netral,negatif,SALAH
Blibli,2,kk mau nanya ini aplikasinya cod gak ya? atau harus bayar dulu lewat hp setelah itu baru dikirim?,netral,negatif,SALAH
Blibli,2,banyak Promo,netral,positif,SALAH
Blibli,2,"aplikasi paling jelek,tida bisa memanusiakan manusia,masa barang kosong di cancel dari tokonya pencairannya bentuk voucher udah gitu voucher mau di gunakan harus belanja dlu ada minimum transaksi baru bisa di gunakan dan ada jangka hangusnya, pikir-pikir dlu kalo mau belanja disini, daripada jadi korban aplikasi,",negatif,positif,SALAH
Blibli,2,kenapa hanya login aja eror,netral,positif,SALAH
Blibli,2,bingung make nya,negatif,positif,SALAH
Blibli,2,iklan gak jelas,negatif,positif,SALAH
Blibli,2,mau buka rekening susah banget,negatif,positif,SALAH
Blibli,2,"aplikasi nya kurang ini masa paylater saya d tangguhkan gara2 saya ketiduran lupa bayar ,besoknya saya langsung byr dan selanjutnya sampe beres bayar tepat waktu .jadi kecewa sih",negatif,positif,SALAH
Blibli,2,mantaps terpercaya,netral,positif,SALAH
Blibli,2,"puas pisan belanja di sini mah pokona rekomendasi buat yang mau belanja online mending di sini aja, aplikasi belajar online terpercaya no ribet no tipu tipu.. terimakasih",positif,negatif,SALAH
Blibli,2,Barang rusak di jual. giliran di retur sangat sulit prosesnya. dan memakan waktu lama.,negatif,positif,SALAH
Blibli,2,terimakasih diskon nya,netral,positif,SALAH
Blibli,2,Pengen belanja disini karena lebih murah dari tetangga tapi produknya kurang lengkap,positif,negatif,SALAH
Blibli,2,pesen dah 5 hari mlh duitnya di balikin unistal aja,negatif,positif,SALAH
Blibli,2,banyakin cashback,netral,positif,SALAH
Blibli,2,bekerja dan cari uang,netral,positif,SALAH
Blibli,2,Marahal barangna moal payu lah aplikasi kieu patut mah,negatif,positif,SALAH
Blibli,2,"aplikasi pembohong,dapet cashback tapi gk caer gk bkln mau pake app ini",netral,positif,SALAH
Blibli,2,pelayanan buruk,negatif,positif,SALAH
Blibli,2,hp rusak bnyk iklan,negatif,positif,SALAH
Blibli,2,store aplikasi penipuan hati hati sudah ada korban BLIBLI,negatif,positif,SALAH
Blibli,3,sering sering kasi cash back ya ğŸ¥°,netral,positif,SALAH
Blibli,3,beberapa barang sudah tidak bisa kirim ke sulawesi lagi :( kecewa dengan blibli sekarang,negatif,positif,SALAH
Blibli,3,tidak bisa di buka padahal jaringan dan sinyal bagus tidak ada kendala,netral,negatif,SALAH
Blibli,3,aplikasi jelek dan ribet,negatif,positif,SALAH
Blibli,3,apknya mantap kilat sangat membantu bagi yg sibuk dan darurat,positif,negatif,SALAH
Blibli,3,oke lah,netral,positif,SALAH
Blibli,3,"Balik lagi ke Blibli barang di jamin ori. box, pengantaran dan harga sangat bisa bersaing sekarang. thanks Blibli",positif,negatif,SALAH
Blibli,3,good joob,netral,positif,SALAH
Blibli,3,"keren dan cepat, di tambah enteng aplikasinya ngga lemot",positif,negatif,SALAH
Blibli,3,refund dana masa butuh berhari - hari,negatif,positif,SALAH
Blibli,3,sangat membantu,netral,positif,SALAH
Blibli,3,"Minim promo, ongkir mahal, pembayaran masih dikit, & jarang terdengar. Tapi dari service akun bagus sih, gak ribet kudu verifikasi merepotkan",positif,negatif,SALAH
Blibli,3,Good Job,netral,positif,SALAH
Blibli,3,Mantab Betul,netral,positif,SALAH
Blibli,3,"saya coba dulu klau ok, dan mantap saya tambah lagi bintang nyağŸ™ğŸ»ğŸ˜Š",positif,negatif,SALAH
Blibli,3,topbanget,netral,positif,SALAH
Blibli,3,"1 kelemahan Blibli, gratis ongkir 100% sampai ke Rp.0 cuma berlaku jika kita belanja di 1 seller. Saat belanja di beberapa seller selalu ada sisa ongkir yang harus dibayar (ini sih diskon bukan gratis). Padahal di e-commerce lain bisa loh sampai ke Rp.0 walau belanjanya di beberapa seller. Apa mungkin karena voucher yang bisa dipakai cuma 1? Entahlah. Mohon perbaikannya di bagian ini. *GA PERLU minta saya hubungi CS via channel lain, keluhan saya diatas sudah sangat jelas.",netral,negatif,SALAH
Blibli,3,mantappp,netral,positif,SALAH
Blibli,3,Blibli behind sale belanja produk flash drive thru harga paket promo makanan minuman spesial tekajut lihat temenan sama renjun yuk bisa yuk nggak kamu mau tahu kita malah keliatan makin kesini,netral,positif,SALAH
Blibli,3,di blibli benar benar no blabla..,netral,positif,SALAH
Blibli,3,"paling ribet buat belanja ya Blibli ini ,reffund saldo dan upgrade bliblipaynya pun ribet ....skip mending ijo atau Oren",netral,negatif,SALAH
Blibli,3,transaksi pulsa sering gagal krn batas maksimum pdhl belum ada transaksi di hari yg sama,negatif,positif,SALAH
Blibli,3,"untuk pihak Blibli,saya pertama kali download aplikasi ini, katanya pelanggan baru dapat cashback 99% kenapa saya tidak dapat padahal di notifikasi hp saya ada tapi kenapa tidak dapat cashback 99% nya? jangan tipuÂ²",netral,negatif,SALAH
Blibli,3,"download karena tugas sekolah, sekolah ku kerja sama dengan blibli:)",netral,positif,SALAH
Blibli,3,"gua mau daftar blibi paylater by indodana gak bisa terus karena kamera blur,sampah",negatif,positif,SALAH
Blibli,3,sekarang pengiriman lamban!!! payah!!! mau cancel ga bisa!!! payah!!!,negatif,positif,SALAH
Blibli,3,"spin the wheel nya bagus ya keren change yang poin 50 = 60% , poin 75 = 35% , poin 100 = 15% dan poin 200 = 5% sisa hadiah utama seperti emas 2 gram = 0% dan hadiah yang lainnya",positif,negatif,SALAH
Blibli,3,Dikala semakin hancurnya si Ijo dan boycot oren. Blibli menjadi marketplace terbaik yang pernah saya gunakan,positif,negatif,SALAH
Blibli,3,ga bisa didownload di hp oppo A71,negatif,positif,SALAH
Blibli,3,"Tampilan terlalu ramai, sulit menentukan prioritas informasi yg mau di-Digest.",negatif,positif,SALAH
Blibli,3,"semoga selalu menampilkan produk2 original, sehingga konsumen tidak terjebak kebeli produk2 non original",netral,positif,SALAH
Blibli,3,sangat memuaskan banyak diskon nya sangat di gebyar sekali endul terkendul kendul pokonya Blibli josss ahhhh,positif,negatif,SALAH
Blibli,3,bru coba,netral,positif,SALAH
Blibli,3,sayaaaa seneng bingittt belanja diblibli..teruain ya bbyakin promo2 diskonnya,positif,negatif,SALAH
Blibli,3,"harusnya bintang 5,tp sekarang pengiriman lama,g Kya dlu cepet .bahkan sdh d gudang..tdk d antar2 ğŸ¥º, tolong pengiriman lebih baik lagiğŸ™",positif,negatif,SALAH
Blibli,3,Tukar tambah area semarang tidak bisa,negatif,positif,SALAH
Blibli,3,banyak yg rugi di sini,negatif,positif,SALAH
Blibli,3,juoosss,netral,positif,SALAH
Blibli,3,kacau pelayanannya saran aja jangan pake ini,negatif,positif,SALAH
Blibli,4,bikin argo murah nyari keuntungan sendiri bikin menderita driver online parah,negatif,positif,SALAH
Blibli,4,"Belanja di Blibli selalu mudah dan menyenangkan experiencenya, rekomen pisann..",positif,negatif,SALAH
Blibli,4,"hampir semua aplikasi belanja online ad call center, dll kalo ad keluhan, dsb.. TPI kenyataan nyah GK sesuai... ap yg paparkan d dalam aplikasi...",netral,positif,SALAH
Blibli,4,Penilaian Jujur Untuk Aplikasi Blibli Sangat Bagus. Tingkatkan Terus Untuk Update & Fitur Di Dalam Aplikasinya ğŸ˜Š. Terimakasih..,positif,negatif,SALAH
Blibli,4,Terimakasih semoga bermanfaat bagi sesama,netral,positif,SALAH
Blibli,4,nunggu proses veripikasi wajah saja sampai berjam jam ujung ujungnya pengajuan ditolak,negatif,positif,SALAH
Blibli,4,"ntah saya merasa blibli lebih baik, barang apapun pasti ori!! suka dehh!! :)",positif,negatif,SALAH
Blibli,4,"TUTORIAL CARA MANFAATIN DISKON PENGGUNA BARU BLIBLI CARANYA CLONE BROWSER NYA MENGGUNAKKAN CLONEAPP YANG BANYAK DAFTAR/BELI NOKOS/OTP WEB ( banyak banget penyedianya ) PILIH BARANG DIBAWAH HARGA DISKON,,,DONE CEKOUT... SELAMAT ANDA MENDAPATKAN BANYAK BARANG DISKON DARI BLIBLI",netral,negatif,SALAH
Blibli,4,giliran cekout pake voucher loading nya dibikin lama. pke ada tulisan salah jln. tp klu g pke voucher cepet bgt loading nya,negatif,positif,SALAH
Blibli,4,aplikasinya sampah banget poin tiket reedemnya di blibli tapi gabisa kebuka ngeblank kedap kedip.,netral,negatif,SALAH
Blibli,4,nice,netral,positif,SALAH
Blibli,4,sangat senang belanja di blibli.,netral,positif,SALAH
Blibli,4,oke,netral,positif,SALAH
Blibli,4,Bismillah semoga awet,netral,positif,SALAH
Blibli,4,baru pertama pake Blibli saya mau lihat kualitas barang dan pengiriman semoga sesuai ekspektasi,netral,negatif,SALAH
Blibli,4,"bli bli kenapa bayar pake dana GK bisa. cod GK bisa. pke qris ribet. tolong d perbaiki ad org2 yg ngeratas d bli bli , metode pembayaran nyah, d benahi. dulu agar lancar, aman,",positif,negatif,SALAH
Blibli,4,"gampang digunakan, banyak promo, barang ori garansi",positif,negatif,SALAH
Blibli,4,pasti ori dan dijamin ori hehe,netral,positif,SALAH
Blibli,4,"bagus sih sayangnya belum banyak distributor yang join, jadi harganya kalah sama toko oren",positif,negatif,SALAH
Blibli,4,"email dari blibli dapat voucher, jadinya daya download, eh aplikasinya malah gak bisa dipakai. pas dibuka muncul notif aktivitas tidak biasa ğŸ™ƒğŸ™ƒ",netral,negatif,SALAH
Blibli,4,apk sangat lelet .untk pengiriman dan tarik tunaiğŸ‘,negatif,positif,SALAH
Blibli,4,mantap.asal bukan barang abal abal yg datang.. pesan ini lain yg datang,positif,negatif,SALAH
Blibli,4,fastest!!!! excellent!,netral,positif,SALAH
Blibli,4,Marketplace yang bagus barang yang dijual sesuai deskripsi semua dan setahu saya Blibli jgn seleksi ketat untuk seller yg jualan di Blibli jd pembeli aman dpt barangnya sesuai dgn judul dan deskripsinya... mantapppp,positif,negatif,SALAH
Blibli,4,gampang menggunakan Paylater,netral,positif,SALAH
Blibli,4,"mau log in D aplikasi ini susah padah sinyal bagus,",negatif,positif,SALAH
Blibli,4,mantul aplikasinya,netral,positif,SALAH
Blibli,4,ngelag. dibuka ga respon. males bgt,netral,positif,SALAH
Blibli,4,suara notifikasi nya ganggu bgt,negatif,positif,SALAH
Blibli,4,belanja soklin 5 dus aturan pake. gocar grabcar bisa sekarang ga bisa kena ongkirnya 160.000padahal deket dikrim pake delivreee,negatif,positif,SALAH
Blibli,4,apk nyusahin... sering bngt transaksi gagal.. topup dll. sangat tidam recomended,negatif,positif,SALAH
Blibli,4,tidak ada tanggung jawab,negatif,positif,SALAH
Blibli,4,"Baru coba lagi setelah sekian lama, ingin mencoba lagi karena sedang banyak promo.. ğŸ‘ğŸ‘",positif,negatif,SALAH
Blibli,4,"belum punya pengalaman menarik dalam hal berjualan online ,mohon bimbingannya",netral,positif,SALAH
Blibli,4,pertama kali belanja online di blibi keren guys ada banyak promonya untuk yang belum tau sgrra mendaftar terimakasih.,positif,negatif,SALAH
Blibli,4,"suka dapet diskon mayan bgt ,makasih blibli sering2 ya. moga sukses",positif,negatif,SALAH
Blibli,4,anj notifnya ngagetin banget auto uninstal bikin malu cuk,negatif,positif,SALAH
Blibli,4,super jelek,negatif,positif,SALAH
Blibli,4,mantap ngak ribet saya suka sekali siip semoga lancar,positif,negatif,SALAH
Blibli,4,BAD bad Bad,negatif,positif,SALAH
Blibli,4,"Saya lihat ada Promo festival 14 , Minyak Goreng Sania 2 Royale 1 Dus harganya 218.025 lalu saya checkout harganya menjadi 231.500. Bgmana sihh nih Blibli, pada saat checkout knp langsung berubah harganya? tidak sesuai promo festival 14. Aneh Blibli ini",negatif,positif,SALAH
Blibli,4,ğŸ‘ğŸ»,netral,positif,SALAH
Blibli,4,bintang 4 dulu ya,netral,positif,SALAH
Blibli,5,aplikasi ga bermutu ga membatu menemukan barang yg di cari,negatif,positif,SALAH
Blibli,5,susah untuk masuk lagi.gampang eror,negatif,positif,SALAH
Blibli,5,menyenangkan,netral,positif,SALAH
Blibli,5,semoga beli disini bnyak discon,netral,positif,SALAH
Blibli,5,ğŸ‘ğŸ‘ğŸ”¥ğŸ”¥ğŸ”¥,netral,positif,SALAH
Blibli,5,"mungkin sistem dan timnya yang harus dimatangkan terlebih dulu/lagi, semangat ya blibli",netral,positif,SALAH
Blibli,5,lumayan membantu,netral,positif,SALAH
Blibli,5,aplikasi buruk,negatif,positif,SALAH
Blibli,5,"estimasi paketnya tiba tiba berubah percuma bayar biaya ongkir yang katanya cepat nyatanya lambat, estimasi tgl 15 - 18 agustus ini malah ke september.",positif,negatif,SALAH
Blibli,5,"apk,y jelek banget tidak sesuai yg di harapkn",negatif,positif,SALAH
Blibli,5,"masih banyak produk yg ga ada, seller"" yg jualan di sebelah gak pada jualan di Blibli juga ya kayanya. nyari"" brg yg di keranjang oren gw kebanyakan g ada di cari di Blibli",netral,negatif,SALAH
Blibli,5,ğŸ‘,netral,positif,SALAH
Blibli,5,luar biasa,netral,positif,SALAH
Blibli,5,"ini baru nama nya belanja online No.1 BLi BLi semoga BLi BLi semakin terdepan., kalau bisa di banyakin terus promo promo nya., terutama makanan minuman dan tempat rekreasi keluarga yang saya suka.",positif,negatif,SALAH
Blibli,5,kenapa tidak bisa top up blipay,netral,positif,SALAH
Blibli,5,barang original,netral,positif,SALAH
Blibli,5,dana voucher refund tiba tiba hilang sendiri,negatif,positif,SALAH
Blibli,5,meskipun tidak semurah di app lain tapi appkasinyah gak ribet dan bisa kirim kemana ajh,netral,negatif,SALAH
Blibli,5,"sdh sering komplen masalah keterlambatan pengiriman k cs nya,gk ada solusi d suruh nunggu terussssss,pdhl obat nya keburu d minum,d batalkan pesanan juga gk bisa...hedehhhhh parahhhhh...minimal kl tdk bisa batalkan pesanan jgn mempersulit customer",netral,negatif,SALAH
Blibli,5,"gk ada tanggung jawab keamanan terhadap CS, gk usah pake ini apk..",negatif,positif,SALAH
Blibli,5,aplikasi nya smooth dan tolong merchant nya banyakin soalnya ini satu satunya aplikasi e-commerce yang aku pake gatau knp e-commerce yang lain tu ga smoth di hp aku,positif,negatif,SALAH
Blibli,5,kerena bingitzzz.,netral,positif,SALAH
Blibli,5,Goodjob ğŸ‘,netral,positif,SALAH
Blibli,5,"barang hilang status pesanan terkirim, hubungi cs susah minta ampun, kacau sistemnya blibli",negatif,positif,SALAH
Blibli,5,"aplikasi terbaik, saya sangat suka berbelanja disini terutama beli barang elektronik ğŸ‘ğŸ‘ğŸ‘ğŸ‘ğŸ‘. minn mau kasih info aku dapat hadiah undian voucher jam garmin 5jtğŸ˜„. Terimakasih banyakkkkk ğŸ™ğŸ™ğŸ™",positif,negatif,SALAH
Blibli,5,gagal akses mulu knp sih,negatif,positif,SALAH
Blibli,5,mantul,netral,positif,SALAH
Blibli,5,"ga sesuai iklan yg pengajuan cepat limit besar, saya di tolak ngajuin paylater disini tolong jaga data saya!!!!",negatif,positif,SALAH
Blibli,5,"proses sangat mudah dan cepat, tidak ribet, mudah dan lengkap, memudahkan kalau sdh lansia dan gaptek seperti saya ğŸ˜†",positif,negatif,SALAH
Blibli,5,parah tidak bisa COD,negatif,positif,SALAH
Blibli,5,bÃ¬ntang 3 aja dlu krn baru pesen,netral,positif,SALAH
Blibli,5,apk gjls,negatif,positif,SALAH
Blibli,5,ğŸ‘,netral,positif,SALAH
Blibli,5,masih newbi... wait n' see bagaimana selanjutnya dan kedepannya,netral,positif,SALAH
Blibli,5,"APLIKASI ANEHHH, MAU BELI BARANG AJA DIBATALIN TERUS. JADI MALES BELANJA DISINI.",negatif,positif,SALAH
Blibli,5,pelayanan buruk setelah liat kasus orang yang di aniya ya di store nya blibli,negatif,positif,SALAH
